Timeindex,AIM_Gas_pressure_B2,AIM_H2_flow,AIM_SCR_Set_Point,AIM_Stack_1_temp,AIM_Stack_Current,AIM_Voltage_Cell,Temp. cat,Cell voltage [V],Current Density $[mA/cm^2]$,H2 power,Stack power consumption [W],efficiency,Pres. cat [bar],Hydrogen molar flow [mol/s],Current from faraday [A],J from faraday $[mA/cm^2]$
2023-06-22 12:50:00,0.01,0.0,0.0,30.0,0.0,0.0,25,0.0,0.0,0.0,0.0,,0.0,0.0,0.0,0.0
2023-06-22 12:51:00,0.01,0.0,0.0,30.0,0.0,0.0,25,0.0,0.0,0.0,0.0,,0.0,0.0,0.0,0.0
2023-06-22 12:52:00,0.01,0.0,0.0,30.0,0.0,0.0,25,0.0,0.0,0.0,0.0,,0.0,0.0,0.0,0.0
2023-06-22 12:53:00,0.01,0.0,0.0,30.0,0.0,0.0,25,0.0,0.0,0.0,0.0,,0.0,0.0,0.0,0.0
2023-06-22 12:54:00,0.01,0.0,0.0,30.0,0.0,0.0,25,0.0,0.0,0.0,0.0,,0.0,0.0,0.0,0.0
2023-06-22 12:55:00,0.01,0.0,0.0,30.0,0.0,0.0,25,0.0,0.0,0.0,0.0,,0.0,0.0,0.0,0.0
2023-06-22 12:56:00,0.01,0.0,0.0,30.0,0.0,0.0,25,0.0,0.0,0.0,0.0,,0.0,0.0,0.0,0.0
2023-06-22 12:57:00,0.01,0.0,0.0,30.0,0.0,0.0,25,0.0,0.0,0.0,0.0,,0.0,0.0,0.0,0.0
2023-06-22 12:58:00,0.01,0.0,0.0,30.0,0.0,0.0,25,0.0,0.0,0.0,0.0,,0.0,0.0,0.0,0.0
2023-06-22 12:59:00,0.01,0.0,0.0,30.0,0.0,0.0,25,0.0,0.0,0.0,0.0,,0.0,0.0,0.0,0.0
2023-06-22 13:00:00,0.01,0.0,0.0,30.0,0.0,0.0,25,0.0,0.0,0.0,0.0,,0.0,0.0,0.0,0.0
2023-06-22 13:01:00,0.01,0.0,0.0,30.0,0.0,0.0,25,0.0,0.0,0.0,0.0,,0.0,0.0,0.0,0.0
2023-06-22 13:02:00,0.01,0.0,0.0,30.0,0.0,0.0,25,0.0,0.0,0.0,0.0,,0.0,0.0,0.0,0.0
2023-06-22 13:03:00,0.01,0.0,0.0,30.0,0.0,0.0,25,0.0,0.0,0.0,0.0,,0.0,0.0,0.0,0.0
2023-06-22 13:04:00,0.01,0.0,0.0,30.0,0.0,0.0,25,0.0,0.0,0.0,0.0,,0.0,0.0,0.0,0.0
2023-06-22 13:05:00,0.01,0.0,0.0,30.0,0.0,0.0,25,0.0,0.0,0.0,0.0,,0.0,0.0,0.0,0.0
2023-06-22 13:06:00,0.01,0.0,0.0,30.0,0.0,0.0,25,0.0,0.0,0.0,0.0,,0.0,0.0,0.0,0.0
2023-06-22 13:07:00,0.0,0.0,0.0,30.0,0.0,0.0,25,0.0,0.0,0.0,0.0,,,0.0,0.0,0.0
2023-06-22 13:08:00,0.0,0.0,0.0,0.0,0.0,0.0,,0.0,0.0,0.0,0.0,,,0.0,0.0,0.0
2023-06-22 13:09:00,0.0,0.0,0.0,0.0,0.0,0.0,,0.0,0.0,0.0,0.0,,,0.0,0.0,0.0
2023-06-22 13:10:00,0.0,0.0,0.0,0.0,0.0,0.0,,0.0,0.0,0.0,0.0,,,0.0,0.0,0.0
2023-06-22 13:11:00,0.0,0.0,0.0,0.0,0.0,0.0,,0.0,0.0,0.0,0.0,,,0.0,0.0,0.0
2023-06-22 13:12:00,0.0,0.0,0.0,0.0,0.0,0.0,,0.0,0.0,0.0,0.0,,,0.0,0.0,0.0
2023-06-22 13:13:00,0.01,0.0,0.0,30.0,0.0,0.0,25,0.0,0.0,0.0,0.0,,0.0,0.0,0.0,0.0
2023-06-22 13:14:00,0.01,0.0,0.0,30.0,0.0,0.0,25,0.0,0.0,0.0,0.0,,0.0,0.0,0.0,0.0
2023-06-22 13:17:00,0.01,0.0,0.0,30.0,0.0,0.0,25,0.0,0.0,0.0,0.0,,0.0,0.0,0.0,0.0
2023-06-22 13:18:00,0.01,0.0,0.0,30.0,0.0,0.0,25,0.0,0.0,0.0,0.0,,0.0,0.0,0.0,0.0
2023-06-22 13:19:00,0.01,0.0,0.0,30.0,0.0,0.0,25,0.0,0.0,0.0,0.0,,0.0,0.0,0.0,0.0
2023-06-22 13:20:00,0.01,0.0,0.0,30.0,0.0,0.0,25,0.0,0.0,0.0,0.0,,0.0,0.0,0.0,0.0
2023-06-22 13:21:00,0.01,0.0,0.0,30.0,0.0,0.0,25,0.0,0.0,0.0,0.0,,0.0,0.0,0.0,0.0
2023-06-22 13:22:00,0.01,0.0,0.0,30.0,0.0,0.0,25,0.0,0.0,0.0,0.0,,0.0,0.0,0.0,0.0
2023-06-22 13:23:00,0.01,0.0,0.0,31.0,0.0,0.0,30,0.0,0.0,0.0,0.0,,0.0,0.0,0.0,0.0
2023-06-22 13:24:00,0.01,0.0,0.0,31.0,0.0,0.0,30,0.0,0.0,0.0,0.0,,0.0,0.0,0.0,0.0
2023-06-22 13:25:00,0.01,0.0,0.0,31.0,0.0,0.0,30,0.0,0.0,0.0,0.0,,0.0,0.0,0.0,0.0
2023-06-22 13:26:00,0.01,0.0,0.0,31.0,0.0,0.0,30,0.0,0.0,0.0,0.0,,0.0,0.0,0.0,0.0
2023-06-22 14:19:00,0.0,0.0,0.0,31.0,0.0,0.0,30,0.0,0.0,0.0,0.0,,,0.0,0.0,0.0
2023-06-22 14:20:00,0.0,0.0,0.0,31.0,0.0,0.0,30,0.0,0.0,0.0,0.0,,,0.0,0.0,0.0
2023-06-22 14:21:00,0.01,0.0,0.0,31.0,0.0,0.0,30,0.0,0.0,0.0,0.0,,0.0,0.0,0.0,0.0
2023-06-22 14:22:00,0.01,0.0,0.0,31.0,0.0,0.0,30,0.0,0.0,0.0,0.0,,0.0,0.0,0.0,0.0
2023-06-22 14:23:00,0.01,0.0,0.0,31.0,0.0,0.0,30,0.0,0.0,0.0,0.0,,0.0,0.0,0.0,0.0
2023-06-22 14:24:00,0.01,0.0,0.0,31.0,0.0,0.0,30,0.0,0.0,0.0,0.0,,0.0,0.0,0.0,0.0
2023-06-22 14:25:00,0.01,0.0,0.0,31.0,0.0,0.0,30,0.0,0.0,0.0,0.0,,0.0,0.0,0.0,0.0
2023-06-22 14:26:00,0.01,0.0,0.0,31.0,0.0,0.0,30,0.0,0.0,0.0,0.0,,0.0,0.0,0.0,0.0
2023-06-22 14:27:00,0.01,0.0,0.0,31.0,0.0,0.0,30,0.0,0.0,0.0,0.0,,0.0,0.0,0.0,0.0
2023-06-22 14:28:00,0.01,0.0,0.0,31.0,0.0,0.0,30,0.0,0.0,0.0,0.0,,0.0,0.0,0.0,0.0
2023-06-22 14:29:00,0.01,0.0,0.0,31.0,0.0,0.0,30,0.0,0.0,0.0,0.0,,0.0,0.0,0.0,0.0
2023-06-22 14:30:00,0.01,0.0,0.0,31.0,0.0,0.0,30,0.0,0.0,0.0,0.0,,0.0,0.0,0.0,0.0
2023-06-22 14:31:00,0.01,0.0,0.0,31.0,0.0,0.0,30,0.0,0.0,0.0,0.0,,0.0,0.0,0.0,0.0
2023-06-22 14:32:00,0.01,0.0,0.0,31.0,0.0,0.0,30,0.0,0.0,0.0,0.0,,0.0,0.0,0.0,0.0
2023-06-22 14:33:00,0.01,0.0,0.0,31.0,0.0,0.0,30,0.0,0.0,0.0,0.0,,0.0,0.0,0.0,0.0
2023-06-22 14:34:00,0.01,0.0,0.0,31.0,0.0,0.0,30,0.0,0.0,0.0,0.0,,0.0,0.0,0.0,0.0
2023-06-22 14:35:00,0.01,0.0,0.0,31.0,0.0,0.0,30,0.0,0.0,0.0,0.0,,0.0,0.0,0.0,0.0
2023-06-22 14:36:00,0.01,0.0,0.0,32.0,0.0,0.0,30,0.0,0.0,0.0,0.0,,0.0,0.0,0.0,0.0
2023-06-22 14:37:00,0.01,0.0,0.0,32.0,0.0,0.0,30,0.0,0.0,0.0,0.0,,0.0,0.0,0.0,0.0
2023-06-22 14:38:00,0.01,0.0,0.0,32.0,0.0,0.0,30,0.0,0.0,0.0,0.0,,0.0,0.0,0.0,0.0
2023-06-22 14:39:00,0.01,0.0,0.0,32.0,0.0,0.0,30,0.0,0.0,0.0,0.0,,0.0,0.0,0.0,0.0
2023-06-22 14:40:00,0.01,0.0,0.0,32.0,0.0,0.0,30,0.0,0.0,0.0,0.0,,0.0,0.0,0.0,0.0
2023-06-22 14:41:00,0.01,0.0,0.0,32.0,0.0,0.0,30,0.0,0.0,0.0,0.0,,0.0,0.0,0.0,0.0
2023-06-22 14:42:00,0.01,0.0,0.0,32.0,0.0,0.0,30,0.0,0.0,0.0,0.0,,0.0,0.0,0.0,0.0
2023-06-22 14:43:00,0.01,0.0,0.0,32.0,0.0,0.0,30,0.0,0.0,0.0,0.0,,0.0,0.0,0.0,0.0
2023-06-22 14:44:00,0.01,0.0,0.0,32.0,0.0,0.0,30,0.0,0.0,0.0,0.0,,0.0,0.0,0.0,0.0
2023-06-22 14:45:00,0.01,0.0,0.0,32.0,0.0,0.0,30,0.0,0.0,0.0,0.0,,0.0,0.0,0.0,0.0
2023-06-22 14:46:00,0.01,0.0,0.0,32.0,0.0,0.0,30,0.0,0.0,0.0,0.0,,0.0,0.0,0.0,0.0
2023-06-22 14:47:00,0.01,0.0,0.0,32.0,0.0,0.0,30,0.0,0.0,0.0,0.0,,0.0,0.0,0.0,0.0
2023-06-22 14:48:00,0.04,0.57,44.04,32.0,9.0,365.0,30,2.28125,20.0,1707.9291899999996,3285.0,0.5199175616438355,0.0,0.007117083333333332,8.584981770833332,19.077737268518515
2023-06-22 14:49:00,0.125,1.21,57.61,32.0,19.0,401.0,30,2.50625,42.22222222222222,3625.6040699999994,7619.0,0.47586350833442703,0.0,0.015108194444444441,18.22425954861111,40.49835455246913
2023-06-22 14:50:00,1.265,1.92,65.095,32.0,29.0,419.0,30,2.61875,64.44444444444444,5753.024639999999,12151.0,0.47346100238663474,1.0,0.02397333333333333,28.917833333333327,64.26185185185184
2023-06-22 14:51:00,2.01,1.92,64.01,32.0,29.0,416.0,30,2.6,64.44444444444444,5753.024639999999,12064.0,0.47687538461538453,2.0,0.02397333333333333,28.917833333333327,64.26185185185184
2023-06-22 14:52:00,2.79,2.56,75.285,33.0,39.0,426.0,30,2.6625,86.66666666666667,7670.699519999999,16614.0,0.4617009461899602,2.5,0.03196444444444444,38.557111111111105,85.68246913580245
2023-06-22 14:53:00,3.55,2.62,95.715,33.0,41.0,426.0,30,2.6625,91.11111111111111,7850.48154,17466.0,0.44947220542768807,3.5,0.03271361111111111,39.46079340277778,87.69065200617284
2023-06-22 14:54:00,3.935,2.68,100.0,34.0,43.0,424.0,30,2.65,95.55555555555556,8030.263559999999,18232.0,0.4404488569548047,3.5,0.03346277777777778,40.364475694444444,89.69883487654322
2023-06-22 14:55:00,0.47,0.0,0.0,34.0,0.0,13.0,30,0.08125,0.0,0.0,0.0,,0.0,0.0,0.0,0.0
2023-06-22 14:56:00,0.01,0.0,0.0,35.0,0.0,8.0,30,0.05,0.0,0.0,0.0,,0.0,0.0,0.0,0.0
2023-06-22 14:57:00,0.03,0.51,39.09,35.0,7.0,352.0,30,2.2,15.555555555555555,1528.14717,2464.0,0.6201895982142857,0.0,0.0063679166666666676,7.681299479166668,17.06955439814815
2023-06-22 14:58:00,0.145,1.21,52.64,35.0,19.0,391.0,30,2.44375,42.22222222222222,3625.6040699999994,7429.0,0.48803393054246863,0.0,0.015108194444444441,18.22425954861111,40.49835455246913
2023-06-22 14:59:00,1.025,1.85,59.15,35.0,29.0,408.0,30,2.55,64.44444444444444,5543.27895,11832.0,0.4684988970588235,1.0,0.023099305555555557,27.863537326388887,61.91897183641975
2023-06-22 15:00:00,1.795,1.92,58.54,36.0,29.0,406.0,35,2.5375,64.44444444444444,5753.024639999999,11774.0,0.4886210837438423,1.5,0.02397333333333333,28.917833333333327,64.26185185185184
2023-06-22 15:01:00,2.4,2.36,62.13,36.0,37.0,414.0,35,2.5875,82.22222222222223,7071.426119999998,15318.0,0.46164160595377973,2.0,0.029467222222222218,35.54483680555555,78.98852623456789
2023-06-22 15:02:00,3.37,3.13,70.67,37.0,49.0,427.0,35,2.66875,108.88888888888889,9378.628709999999,20923.0,0.4482449318931319,3.0,0.03908152777777778,47.14209288194444,104.760206404321
2023-06-22 15:03:00,4.345,3.39,85.3,37.0,53.0,428.0,35,2.675,117.77777777777777,10157.684129999998,22684.0,0.4477906952036677,4.0,0.04232791666666667,51.05804947916668,113.46233217592595
2023-06-22 15:04:00,1.03,0.0,0.0,38.0,0.0,13.0,35,0.08125,0.0,0.0,0.0,,1.0,0.0,0.0,0.0
2023-06-22 15:05:00,0.02,0.0,0.0,38.0,0.0,9.0,35,0.05625,0.0,0.0,0.0,,0.0,0.0,0.0,0.0
2023-06-22 15:06:00,0.045,0.76,43.84,39.0,12.0,365.0,35,2.28125,26.666666666666668,2277.23892,4380.0,0.5199175616438355,0.0,0.009489444444444444,11.446642361111111,25.436983024691358
2023-06-22 15:07:00,0.21,1.28,51.02,39.0,19.0,383.0,35,2.39375,42.22222222222222,3835.3497599999996,7277.0,0.5270509495671293,0.0,0.01598222222222222,19.278555555555553,42.841234567901225
2023-06-22 15:08:00,1.245,1.92,57.09,39.0,30.0,399.0,35,2.49375,66.66666666666667,5753.024639999999,11970.0,0.4806202706766916,1.0,0.02397333333333333,28.917833333333327,64.26185185185184
2023-06-22 15:09:00,1.91,1.92,56.57,40.0,30.0,397.0,35,2.48125,66.66666666666667,5753.024639999999,11910.0,0.483041531486146,1.5,0.02397333333333333,28.917833333333327,64.26185185185184
2023-06-22 15:10:00,2.4,2.3,59.305,40.0,36.0,405.0,35,2.53125,80.0,6891.644099999999,14580.0,0.4726779218106995,2.0,0.028718055555555552,34.641154513888885,76.98034336419752
2023-06-22 15:11:00,3.48,3.0,63.52,41.0,47.0,416.0,40,2.6,104.44444444444444,8989.101,19552.0,0.4597535290507365,3.0,0.03745833333333333,45.18411458333333,100.40914351851852
2023-06-22 15:12:00,4.02,3.07,63.46,41.0,47.0,414.0,40,2.5875,104.44444444444444,9198.846689999998,19458.0,0.4727539670058587,4.0,0.03833236111111111,46.23841059027778,102.75202353395062
2023-06-22 15:13:00,0.54,0.0,0.0,42.0,0.0,11.0,40,0.06875,0.0,0.0,0.0,,0.5,0.0,0.0,0.0
2023-06-22 15:14:00,0.01,0.0,0.0,42.0,0.0,7.0,40,0.04375,0.0,0.0,0.0,,0.0,0.0,0.0,0.0
2023-06-22 15:15:00,0.01,0.0,0.0,42.0,0.0,5.0,40,0.03125,0.0,0.0,0.0,,0.0,0.0,0.0,0.0
2023-06-22 15:16:00,0.01,0.0,0.0,43.0,0.0,5.0,40,0.03125,0.0,0.0,0.0,,0.0,0.0,0.0,0.0
2023-06-22 15:17:00,0.01,0.0,0.0,43.0,0.0,5.0,40,0.03125,0.0,0.0,0.0,,0.0,0.0,0.0,0.0
2023-06-22 15:18:00,0.01,0.0,0.0,43.0,0.0,5.0,40,0.03125,0.0,0.0,0.0,,0.0,0.0,0.0,0.0
2023-06-22 15:19:00,0.01,0.0,0.0,43.0,0.0,5.0,40,0.03125,0.0,0.0,0.0,,0.0,0.0,0.0,0.0
2023-06-22 15:20:00,0.01,0.0,0.0,43.0,0.0,5.0,40,0.03125,0.0,0.0,0.0,,0.0,0.0,0.0,0.0
2023-06-22 15:21:00,0.01,0.0,0.0,43.0,0.0,5.0,40,0.03125,0.0,0.0,0.0,,0.0,0.0,0.0,0.0
2023-06-22 15:22:00,0.01,0.0,0.0,43.0,0.0,5.0,40,0.03125,0.0,0.0,0.0,,0.0,0.0,0.0,0.0
2023-06-22 15:23:00,0.01,0.0,0.0,43.0,0.0,5.0,40,0.03125,0.0,0.0,0.0,,0.0,0.0,0.0,0.0
2023-06-22 15:24:00,0.01,0.0,0.0,43.0,0.0,5.0,40,0.03125,0.0,0.0,0.0,,0.0,0.0,0.0,0.0
2023-06-22 15:25:00,0.01,0.0,0.0,43.0,0.0,5.0,40,0.03125,0.0,0.0,0.0,,0.0,0.0,0.0,0.0
2023-06-22 15:26:00,0.01,0.0,0.0,43.0,0.0,5.0,40,0.03125,0.0,0.0,0.0,,0.0,0.0,0.0,0.0
2023-06-22 15:27:00,0.01,0.0,0.0,43.0,0.0,5.0,40,0.03125,0.0,0.0,0.0,,0.0,0.0,0.0,0.0
2023-06-22 15:28:00,0.085,0.7,42.245,43.0,11.0,355.5,40,2.221875,24.444444444444443,2097.4568999999997,3910.5,0.5363654008438817,0.0,0.008740277777777776,10.542960069444442,23.42880015432098
2023-06-22 15:29:00,0.23,1.28,50.06,44.0,20.0,379.0,40,2.36875,44.44444444444444,3835.3497599999996,7580.0,0.5059828179419524,0.0,0.01598222222222222,19.278555555555553,42.841234567901225
2023-06-22 15:30:00,1.21,1.92,55.95,44.0,30.0,395.0,40,2.46875,66.66666666666667,5753.024639999999,11850.0,0.485487311392405,1.0,0.02397333333333333,28.917833333333327,64.26185185185184
2023-06-22 15:31:00,1.84,1.92,55.52,44.0,30.0,393.0,40,2.45625,66.66666666666667,5753.024639999999,11790.0,0.4879579847328243,1.5,0.02397333333333333,28.917833333333327,64.26185185185184
2023-06-22 15:32:00,2.335,2.3,57.82,44.0,36.0,399.0,40,2.49375,80.0,6891.644099999999,14364.0,0.4797858604845446,2.0,0.028718055555555552,34.641154513888885,76.98034336419752
2023-06-22 15:33:00,3.335,3.13,63.0,45.0,48.0,411.0,40,2.56875,106.66666666666667,9378.628709999999,19728.0,0.4753968324209245,3.0,0.03908152777777778,47.14209288194444,104.760206404321
2023-06-22 15:34:00,4.635,3.64,66.495,45.0,58.0,417.0,40,2.60625,128.88888888888889,10906.77588,24186.0,0.45095410071942443,4.5,0.045449444444444445,54.82339236111111,121.82976080246914
2023-06-22 15:35:00,3.525,0.51,33.1,46.0,8.0,308.0,45,1.925,17.77777777777778,1528.14717,2464.0,0.6201895982142857,3.5,0.0063679166666666676,7.681299479166668,17.06955439814815
2023-06-22 15:36:00,3.165,1.21,48.135,46.0,20.0,370.0,45,2.3125,44.44444444444444,3625.6040699999994,7400.0,0.48994649594594586,3.0,0.015108194444444441,18.22425954861111,40.49835455246913
2023-06-22 15:37:00,3.86,2.68,59.17,47.0,42.0,401.0,45,2.50625,93.33333333333333,8030.263559999999,16842.0,0.4767998788742429,3.5,0.03346277777777778,40.364475694444444,89.69883487654322
2023-06-22 15:38:00,4.66,2.17,55.345,47.0,34.0,390.0,45,2.4375,75.55555555555556,6502.116389999999,13260.0,0.4903556855203619,4.5,0.027094861111111108,32.683176215277776,72.62928047839506
2023-06-22 15:39:00,4.55,2.36,56.25,48.0,36.0,392.0,45,2.45,80.0,7071.426119999998,14112.0,0.5010931207482991,4.5,0.029467222222222218,35.54483680555555,78.98852623456789
2023-06-22 15:40:00,4.68,2.49,56.445,48.0,38.0,392.0,45,2.45,84.44444444444444,7460.95383,14896.0,0.5008696180182599,4.5,0.031090416666666666,37.502815104166665,83.33958912037036
2023-06-22 15:41:00,4.24,3.45,62.625,49.0,54.0,406.0,45,2.5375,120.0,10337.466149999998,21924.0,0.4715136904761904,4.0,0.043077083333333335,51.96173177083333,115.47051504629628
2023-06-22 15:42:00,4.505,3.77,64.16,49.0,58.0,410.0,45,2.5625,128.88888888888889,11296.30359,23780.0,0.47503379268292684,4.5,0.047072638888888886,56.78137065972222,126.1808236882716
2023-06-22 15:43:00,4.87,1.21,44.71,50.0,18.5,359.0,45,2.24375,41.111111111111114,3625.6040699999994,6641.5,0.5459013882406082,4.5,0.015108194444444441,18.22425954861111,40.49835455246913
2023-06-22 15:44:00,4.92,0.64,34.8,51.0,9.0,315.0,50,1.96875,20.0,1917.6748799999998,2835.0,0.6764285291005291,4.5,0.00799111111111111,9.639277777777776,21.420617283950612
2023-06-22 15:45:00,4.89,0.7,37.245,51.0,11.0,328.0,50,2.05,24.444444444444443,2097.4568999999997,3608.0,0.5813350609756097,4.5,0.008740277777777776,10.542960069444442,23.42880015432098
2023-06-22 15:46:00,4.695,1.02,42.31,52.0,16.0,346.0,50,2.1625,35.55555555555556,3056.29434,5536.0,0.5520762897398844,4.5,0.012735833333333335,15.362598958333336,34.1391087962963
2023-06-22 15:47:00,4.81,1.28,45.94,52.0,20.0,360.0,50,2.25,44.44444444444444,3835.3497599999996,7200.0,0.5326874666666667,4.5,0.01598222222222222,19.278555555555553,42.841234567901225
2023-06-22 15:48:00,4.93,0.57,34.16,52.0,9.0,312.0,50,1.95,20.0,1707.9291899999996,2808.0,0.6082368910256409,4.5,0.007117083333333332,8.584981770833332,19.077737268518515
2023-06-22 15:49:00,4.225,2.94,57.57,53.0,46.0,392.0,50,2.45,102.22222222222223,8809.318979999998,18032.0,0.48853809782608687,4.0,0.03670916666666667,44.28043229166667,98.40096064814816
2023-06-22 15:50:00,4.255,3.71,62.155,53.0,58.0,405.0,50,2.53125,128.88888888888889,11116.521569999997,23490.0,0.4732448518518517,4.0,0.04632347222222222,55.877688368055544,124.17264081790121
2023-06-22 15:51:00,4.72,2.36,54.02,53.0,37.0,384.0,50,2.4,82.22222222222223,7071.426119999998,14208.0,0.4977073564189188,4.5,0.029467222222222218,35.54483680555555,78.98852623456789
2023-06-22 15:52:00,4.685,2.24,53.29,54.0,35.0,380.0,50,2.375,77.77777777777777,6711.86208,13300.0,0.5046512842105263,4.5,0.02796888888888889,33.73747222222222,74.97216049382718
2023-06-22 15:53:00,4.64,2.56,55.05,54.0,39.0,386.0,50,2.4125,86.66666666666667,7670.699519999999,15054.0,0.5095456038262255,4.5,0.03196444444444444,38.557111111111105,85.68246913580245
2023-06-22 15:54:00,4.73,2.36,53.575,54.0,37.0,382.0,50,2.3875,82.22222222222223,7071.426119999998,14134.0,0.5003131540965048,4.5,0.029467222222222218,35.54483680555555,78.98852623456789
2023-06-22 15:55:00,4.805,1.53,48.28,55.0,25.0,365.0,50,2.28125,55.55555555555556,4584.44151,9125.0,0.5024045490410959,4.5,0.01910375,23.043898437499998,51.20866319444443
2023-06-22 15:56:00,4.64,2.11,52.27,55.0,33.0,374.0,50,2.3375,73.33333333333333,6322.334369999999,12342.0,0.5122617379679143,4.5,0.02634569444444444,31.779493923611103,70.62109760802467
2023-06-22 15:57:00,4.755,1.92,51.58,55.0,30.0,374.0,50,2.3375,66.66666666666667,5753.024639999999,11220.0,0.512747294117647,4.5,0.02397333333333333,28.917833333333327,64.26185185185184
2023-06-22 15:58:00,4.77,1.79,50.26,55.0,28.0,370.0,50,2.3125,62.22222222222222,5363.496929999999,10360.0,0.5177120588803088,4.5,0.022350138888888888,26.95985503472222,59.910788966049374
2023-06-22 15:59:00,4.755,1.66,49.71,55.0,26.0,368.0,50,2.3,57.77777777777778,4973.969219999999,9568.0,0.5198546425585283,4.5,0.02072694444444444,25.001876736111107,55.559726080246904
2023-06-22 16:00:00,4.77,1.72,49.83,55.0,28.0,368.0,50,2.3,62.22222222222222,5153.75124,10304.0,0.5001699572981366,4.5,0.02147611111111111,25.905559027777777,57.56790895061728
2023-06-22 16:01:00,4.77,1.72,49.75,55.0,28.0,369.5,50,2.309375,62.22222222222222,5153.75124,10346.0,0.4981394973902957,4.5,0.02147611111111111,25.905559027777777,57.56790895061728
2023-06-22 16:02:00,4.71,2.43,54.19,55.0,40.0,383.0,50,2.39375,88.88888888888889,7281.17181,15320.0,0.4752723113577023,4.5,0.030341250000000004,36.5991328125,81.33140625
2023-06-22 16:03:00,4.73,2.04,51.915,55.0,32.0,376.0,50,2.35,71.11111111111111,6112.58868,12032.0,0.5080276496010638,4.5,0.02547166666666667,30.725197916666673,68.2782175925926
2023-06-22 16:04:00,4.795,1.92,50.51,55.0,28.0,371.0,50,2.31875,62.22222222222222,5753.024639999999,10388.0,0.5538144628417403,4.5,0.02397333333333333,28.917833333333327,64.26185185185184
2023-06-22 16:05:00,4.92,0.64,33.83,55.0,10.0,309.0,50,1.93125,22.22222222222222,1917.6748799999998,3090.0,0.6206067572815533,4.5,0.00799111111111111,9.639277777777776,21.420617283950612
2023-06-22 16:06:00,4.85,0.76,37.99,55.0,12.0,328.0,50,2.05,26.666666666666668,2277.23892,3936.0,0.5785667987804878,4.5,0.009489444444444444,11.446642361111111,25.436983024691358
2023-06-22 16:20:00,4.88,0.89,40.22,54.0,15.0,279.0,50,1.74375,33.333333333333336,2666.7666299999996,4185.0,0.6372202222222221,4.5,0.011112638888888889,13.404620659722221,29.788045910493825
2023-06-22 16:21:00,4.86,0.7,36.945,55.0,11.0,271.0,50,1.69375,24.444444444444443,2097.4568999999997,2981.0,0.7036084870848708,4.5,0.008740277777777776,10.542960069444442,23.42880015432098
2023-06-22 16:22:00,4.515,3.0,57.655,54.0,47.0,329.0,50,2.05625,104.44444444444444,8989.101,15463.0,0.581329690228287,4.5,0.03745833333333333,45.18411458333333,100.40914351851852
2023-06-22 16:23:00,4.54,3.39,59.445,55.0,53.0,333.0,50,2.08125,117.77777777777777,10157.684129999998,17649.0,0.5755387914329423,4.5,0.04232791666666667,51.05804947916668,113.46233217592595
2023-06-22 16:24:00,4.54,3.39,59.295,55.0,53.0,333.0,50,2.08125,117.77777777777777,10157.684129999998,17649.0,0.5755387914329423,4.5,0.04232791666666667,51.05804947916668,113.46233217592595
2023-06-22 16:25:00,4.68,3.13,57.265,55.0,49.0,329.0,50,2.05625,108.88888888888889,9378.628709999999,16121.0,0.5817646988400222,4.5,0.03908152777777778,47.14209288194444,104.760206404321
2023-06-22 16:26:00,4.84,0.96,40.705,56.0,14.0,284.0,55,1.775,31.11111111111111,2876.5123199999994,3976.0,0.7234688933601608,4.5,0.011986666666666665,14.458916666666664,32.13092592592592
2023-06-22 16:27:00,4.84,1.15,42.93,56.0,18.0,290.0,55,1.8125,40.0,3445.8220499999993,5220.0,0.6601191666666665,4.5,0.014359027777777776,17.320577256944443,38.49017168209876
2023-06-22 16:28:00,4.92,0.64,33.905,55.0,10.0,260.0,50,1.625,22.22222222222222,1917.6748799999998,2600.0,0.7375672615384614,4.5,0.00799111111111111,9.639277777777776,21.420617283950612
2023-06-22 16:29:00,4.86,0.89,39.44,55.0,14.0,281.0,50,1.75625,31.11111111111111,2666.7666299999996,3934.0,0.6778766217590237,4.5,0.011112638888888889,13.404620659722221,29.788045910493825
2023-06-22 16:30:00,4.89,0.76,36.83,55.0,12.0,269.0,50,1.68125,26.666666666666668,2277.23892,3228.0,0.7054643494423791,4.5,0.009489444444444444,11.446642361111111,25.436983024691358
2023-06-22 16:31:00,4.89,0.64,35.09,55.0,10.0,264.0,50,1.65,22.22222222222222,1917.6748799999998,2640.0,0.7263919999999999,4.5,0.00799111111111111,9.639277777777776,21.420617283950612
2023-06-22 16:32:00,4.855,0.76,37.405,54.0,12.0,273.0,50,1.70625,26.666666666666668,2277.23892,3276.0,0.6951278754578754,4.5,0.009489444444444444,11.446642361111111,25.436983024691358
2023-06-22 16:33:00,4.84,1.02,41.195,55.0,16.0,287.0,50,1.79375,35.55555555555556,3056.29434,4592.0,0.665569324912892,4.5,0.012735833333333335,15.362598958333336,34.1391087962963
2023-06-22 16:34:00,4.93,0.57,31.61,54.0,10.0,248.0,50,1.55,22.22222222222222,1707.9291899999996,2480.0,0.6886811249999999,4.5,0.007117083333333332,8.584981770833332,19.077737268518515
2023-06-22 16:35:00,4.855,0.7,36.24,55.0,10.0,270.0,50,1.6875,22.22222222222222,2097.4568999999997,2700.0,0.7768358888888888,4.5,0.008740277777777776,10.542960069444442,23.42880015432098
2023-06-22 16:36:00,4.86,0.96,40.64,54.0,16.0,285.0,50,1.78125,35.55555555555556,2876.5123199999994,4560.0,0.6308141052631577,4.5,0.011986666666666665,14.458916666666664,32.13092592592592
2023-06-22 16:37:00,4.885,0.7,35.99,54.0,11.0,270.0,50,1.6875,24.444444444444443,2097.4568999999997,2970.0,0.7062144444444444,4.5,0.008740277777777776,10.542960069444442,23.42880015432098
2023-06-22 16:38:00,4.85,0.83,38.71,54.0,13.0,279.0,50,1.74375,28.88888888888889,2486.9846099999995,3627.0,0.6856864102564101,4.5,0.01036347222222222,12.500938368055554,27.779863040123452
2023-06-22 16:39:00,4.82,1.02,40.895,54.0,15.0,286.0,50,1.7875,33.333333333333336,3056.29434,4290.0,0.712422923076923,4.5,0.012735833333333335,15.362598958333336,34.1391087962963
2023-06-22 16:40:00,4.83,1.34,45.25,54.0,21.0,300.0,50,1.875,46.666666666666664,4015.1317799999997,6300.0,0.6373225047619047,4.5,0.01673138888888889,20.182237847222222,44.84941743827161
2023-06-22 16:41:00,4.93,0.57,32.75,54.0,9.0,255.0,50,1.59375,20.0,1707.9291899999996,2295.0,0.7441957254901959,4.5,0.007117083333333332,8.584981770833332,19.077737268518515
2023-06-22 16:42:00,4.87,0.7,36.05,54.0,11.0,268.0,50,1.675,24.444444444444443,2097.4568999999997,2948.0,0.7114847014925372,4.5,0.008740277777777776,10.542960069444442,23.42880015432098
2023-06-22 16:43:00,4.86,0.96,40.13,54.0,15.0,283.0,50,1.76875,33.333333333333336,2876.5123199999994,4245.0,0.6776236325088337,4.5,0.011986666666666665,14.458916666666664,32.13092592592592
2023-06-22 16:44:00,4.91,0.64,34.8,54.0,11.0,264.5,50,1.653125,24.444444444444443,1917.6748799999998,2909.5,0.6591080529300567,4.5,0.00799111111111111,9.639277777777776,21.420617283950612
2023-06-22 16:45:00,4.885,0.64,34.71,54.0,9.0,263.0,50,1.64375,20.0,1917.6748799999998,2367.0,0.810171051964512,4.5,0.00799111111111111,9.639277777777776,21.420617283950612
2023-06-22 16:46:00,4.82,0.89,39.895,54.0,14.0,283.0,50,1.76875,31.11111111111111,2666.7666299999996,3962.0,0.6730859742554265,4.5,0.011112638888888889,13.404620659722221,29.788045910493825
2023-06-22 16:47:00,4.85,1.08,41.795,54.0,17.0,289.0,50,1.80625,37.77777777777778,3236.0763599999996,4913.0,0.6586762385507835,4.5,0.013485,16.26628125,36.14729166666666
2023-06-22 16:48:00,4.93,0.7,36.115,54.0,10.0,271.0,50,1.69375,22.22222222222222,2097.4568999999997,2710.0,0.7739693357933578,4.5,0.008740277777777776,10.542960069444442,23.42880015432098
2023-06-22 16:49:00,4.89,0.57,32.635,54.0,8.0,251.5,50,1.571875,17.77777777777778,1707.9291899999996,2012.0,0.8488713667992046,4.5,0.007117083333333332,8.584981770833332,19.077737268518515
2023-06-22 16:50:00,4.81,1.02,41.32,54.0,16.0,286.0,50,1.7875,35.55555555555556,3056.29434,4576.0,0.6678964903846154,4.5,0.012735833333333335,15.362598958333336,34.1391087962963
2023-06-22 16:51:00,4.89,0.83,39.35,54.0,13.0,283.0,50,1.76875,28.88888888888889,2486.9846099999995,3679.0,0.6759947295460722,4.5,0.01036347222222222,12.500938368055554,27.779863040123452
2023-06-22 16:52:00,4.93,0.57,32.385,54.0,9.0,252.0,50,1.575,20.0,1707.9291899999996,2268.0,0.7530551984126982,4.5,0.007117083333333332,8.584981770833332,19.077737268518515
2023-06-22 16:53:00,4.815,0.89,40.22,54.0,15.0,282.0,50,1.7625,33.333333333333336,2666.7666299999996,4230.0,0.6304412836879432,4.5,0.011112638888888889,13.404620659722221,29.788045910493825
2023-06-22 16:54:00,4.86,0.96,41.13,54.0,16.0,289.0,50,1.80625,35.55555555555556,2876.5123199999994,4624.0,0.622083114186851,4.5,0.011986666666666665,14.458916666666664,32.13092592592592
2023-06-22 16:55:00,4.87,0.83,38.68,54.0,13.0,280.0,50,1.75,28.88888888888889,2486.9846099999995,3640.0,0.6832375302197801,4.5,0.01036347222222222,12.500938368055554,27.779863040123452
2023-06-22 16:56:00,4.885,0.7,36.905,54.0,11.0,273.0,50,1.70625,24.444444444444443,2097.4568999999997,3003.0,0.6984538461538461,4.5,0.008740277777777776,10.542960069444442,23.42880015432098
2023-06-22 16:57:00,4.83,0.96,40.85,54.0,15.0,286.0,50,1.7875,33.333333333333336,2876.5123199999994,4290.0,0.6705156923076921,4.5,0.011986666666666665,14.458916666666664,32.13092592592592
2023-06-22 16:58:00,4.93,0.76,36.625,54.0,12.0,274.0,50,1.7125,26.666666666666668,2277.23892,3288.0,0.692590912408759,4.5,0.009489444444444444,11.446642361111111,25.436983024691358
2023-06-22 16:59:00,4.875,0.57,33.29,54.0,9.0,256.0,50,1.6,20.0,1707.9291899999996,2304.0,0.7412887109374998,4.5,0.007117083333333332,8.584981770833332,19.077737268518515
2023-06-22 17:00:00,4.82,1.02,41.35,54.0,15.0,288.0,50,1.8,33.333333333333336,3056.29434,4320.0,0.7074755416666666,4.5,0.012735833333333335,15.362598958333336,34.1391087962963
2023-06-22 17:01:00,4.89,0.83,38.86,54.0,13.0,282.0,50,1.7625,28.88888888888889,2486.9846099999995,3666.0,0.6783918739770866,4.5,0.01036347222222222,12.500938368055554,27.779863040123452
2023-06-22 17:02:00,4.85,0.7,35.96,54.0,11.0,269.0,50,1.68125,24.444444444444443,2097.4568999999997,2959.0,0.7088397769516728,4.5,0.008740277777777776,10.542960069444442,23.42880015432098
2023-06-22 17:03:00,4.88,0.89,39.41,54.0,15.0,284.0,50,1.775,33.333333333333336,2666.7666299999996,4260.0,0.6260015563380281,4.5,0.011112638888888889,13.404620659722221,29.788045910493825
2023-06-22 17:04:00,4.84,0.96,40.13,54.0,15.0,284.0,50,1.775,33.333333333333336,2876.5123199999994,4260.0,0.6752376338028168,4.5,0.011986666666666665,14.458916666666664,32.13092592592592
2023-06-22 17:05:00,4.9,0.7,36.56,54.0,11.0,272.0,50,1.7,24.444444444444443,2097.4568999999997,2992.0,0.7010216911764705,4.5,0.008740277777777776,10.542960069444442,23.42880015432098
2023-06-22 17:06:00,4.85,0.64,33.7,54.0,9.0,260.0,50,1.625,20.0,1917.6748799999998,2340.0,0.8195191794871794,4.5,0.00799111111111111,9.639277777777776,21.420617283950612
2023-06-22 17:07:00,4.835,0.96,40.72,54.0,15.0,287.0,50,1.79375,33.333333333333336,2876.5123199999994,4305.0,0.668179400696864,4.5,0.011986666666666665,14.458916666666664,32.13092592592592
2023-06-22 17:08:00,4.89,0.89,39.51,54.0,14.0,284.0,50,1.775,31.11111111111111,2666.7666299999996,3976.0,0.6707159532193158,4.5,0.011112638888888889,13.404620659722221,29.788045910493825
2023-06-22 17:09:00,4.93,0.57,31.54,54.0,10.0,248.0,50,1.55,22.22222222222222,1707.9291899999996,2480.0,0.6886811249999999,4.5,0.007117083333333332,8.584981770833332,19.077737268518515
2023-06-22 17:10:00,4.85,0.83,39.28,54.0,14.0,282.0,50,1.7625,31.11111111111111,2486.9846099999995,3948.0,0.6299353115501518,4.5,0.01036347222222222,12.500938368055554,27.779863040123452
2023-06-22 17:11:00,4.84,1.08,42.275,54.0,16.0,292.0,50,1.825,35.55555555555556,3236.0763599999996,4672.0,0.692653330479452,4.5,0.013485,16.26628125,36.14729166666666
2023-06-22 17:12:00,4.93,0.57,32.91,54.0,10.0,257.0,50,1.60625,22.22222222222222,1707.9291899999996,2570.0,0.664563887159533,4.5,0.007117083333333332,8.584981770833332,19.077737268518515
2023-06-22 17:13:00,4.845,0.89,39.61,54.0,14.0,283.0,50,1.76875,31.11111111111111,2666.7666299999996,3962.0,0.6730859742554265,4.5,0.011112638888888889,13.404620659722221,29.788045910493825
2023-06-22 17:14:00,4.81,1.02,41.78,54.0,16.0,289.0,50,1.80625,35.55555555555556,3056.29434,4624.0,0.6609633088235294,4.5,0.012735833333333335,15.362598958333336,34.1391087962963
2023-06-22 17:15:00,4.83,1.02,41.86,54.0,16.0,290.5,50,1.815625,35.55555555555556,3056.29434,4648.0,0.657550417383821,4.5,0.012735833333333335,15.362598958333336,34.1391087962963
2023-06-22 17:16:00,4.82,0.89,39.62,54.0,15.0,285.0,50,1.78125,33.333333333333336,2666.7666299999996,4275.0,0.6238050596491227,4.5,0.011112638888888889,13.404620659722221,29.788045910493825
2023-06-22 17:17:00,0.65,0.0,0.0,54.0,0.0,9.0,50,0.05625,0.0,0.0,0.0,,0.5,0.0,0.0,0.0
2023-06-22 17:18:00,0.06,0.57,33.01,54.0,9.0,256.0,50,1.6,20.0,1707.9291899999996,2304.0,0.7412887109374998,0.0,0.007117083333333332,8.584981770833332,19.077737268518515
2023-06-22 17:19:00,0.19,1.21,45.37,54.0,19.0,303.0,50,1.89375,42.22222222222222,3625.6040699999994,5757.0,0.6297731578947368,0.0,0.015108194444444441,18.22425954861111,40.49835455246913
2023-06-22 17:20:00,0.71,1.85,51.04,54.0,29.0,316.0,50,1.975,64.44444444444444,5543.27895,9164.0,0.6048973101265823,0.5,0.023099305555555557,27.863537326388887,61.91897183641975
2023-06-22 17:21:00,1.67,1.92,51.25,55.0,29.0,316.0,50,1.975,64.44444444444444,5753.024639999999,9164.0,0.627785316455696,1.5,0.02397333333333333,28.917833333333327,64.26185185185184
2023-06-22 17:22:00,2.2,2.11,52.4,55.0,35.0,318.0,50,1.9875,77.77777777777777,6322.334369999999,11130.0,0.5680444177897573,2.0,0.02634569444444444,31.779493923611103,70.62109760802467
2023-06-22 17:23:00,3.1,2.94,56.62,55.0,46.0,329.0,50,2.05625,102.22222222222223,8809.318979999998,15134.0,0.5820879463459758,3.0,0.03670916666666667,44.28043229166667,98.40096064814816
2023-06-22 17:24:00,4.415,3.52,58.97,55.0,55.0,335.0,50,2.09375,122.22222222222223,10547.211839999998,18425.0,0.5724402626865671,4.0,0.04395111111111111,53.01602777777778,117.8133950617284
2023-06-22 17:25:00,4.6,2.75,54.675,55.0,42.0,325.0,50,2.03125,93.33333333333333,8240.00925,13650.0,0.6036636813186813,4.5,0.03433680555555555,41.418771701388884,92.04171489197529
2023-06-22 17:26:00,4.66,2.62,54.135,55.0,41.0,323.0,50,2.01875,91.11111111111111,7850.48154,13243.0,0.5928023514309446,4.5,0.03271361111111111,39.46079340277778,87.69065200617284
2023-06-22 17:27:00,4.68,2.17,51.685,55.0,33.0,315.0,50,1.96875,73.33333333333333,6502.116389999999,10395.0,0.6255042222222221,4.5,0.027094861111111108,32.683176215277776,72.62928047839506
2023-06-22 17:28:00,4.68,2.24,51.64,55.0,34.5,316.0,50,1.975,76.66666666666667,6711.86208,10902.0,0.6156541992294992,4.5,0.02796888888888889,33.73747222222222,74.97216049382718
2023-06-22 17:29:00,4.71,1.72,49.19,55.0,27.0,309.0,50,1.93125,60.0,5153.75124,8343.0,0.6177335778496943,4.5,0.02147611111111111,25.905559027777777,57.56790895061728
2023-06-22 17:30:00,1.17,0.0,0.0,55.0,0.0,15.0,50,0.09375,0.0,0.0,0.0,,1.0,0.0,0.0,0.0
2023-06-22 17:31:00,1.15,1.08,43.37,55.0,17.0,295.0,50,1.84375,37.77777777777778,3236.0763599999996,5015.0,0.6452794336989032,1.0,0.013485,16.26628125,36.14729166666666
2023-06-22 17:32:00,2.34,2.04,51.65,54.0,31.0,316.0,50,1.975,68.88888888888889,6112.58868,9796.0,0.6239882278481013,2.0,0.02547166666666667,30.725197916666673,68.2782175925926
2023-06-22 17:33:00,3.38,2.88,56.05,54.0,45.0,328.0,50,2.05,100.0,8629.53696,14760.0,0.584656975609756,3.0,0.03596,43.37675,96.39277777777778
2023-06-22 17:34:00,4.615,3.32,58.05,55.0,51.0,332.0,50,2.075,113.33333333333333,9947.938439999998,16932.0,0.5875229411764705,4.5,0.04145388888888888,50.003753472222215,111.11945216049381
2023-06-22 17:35:00,4.615,2.62,54.075,55.0,41.0,324.0,50,2.025,91.11111111111111,7850.48154,13284.0,0.5909727145438121,4.5,0.03271361111111111,39.46079340277778,87.69065200617284
2023-06-22 17:36:00,4.645,2.24,51.755,55.0,33.0,316.0,50,1.975,73.33333333333333,6711.86208,10428.0,0.6436384810126582,4.5,0.02796888888888889,33.73747222222222,74.97216049382718
2023-06-22 17:37:00,4.675,2.3,51.91,55.0,34.0,317.0,50,1.98125,75.55555555555556,6891.644099999999,10778.0,0.6394177120059379,4.5,0.028718055555555552,34.641154513888885,76.98034336419752
2023-06-22 17:38:00,4.75,1.85,49.725,55.0,29.0,311.0,50,1.94375,64.44444444444444,5543.27895,9019.0,0.614622347266881,4.5,0.023099305555555557,27.863537326388887,61.91897183641975
2023-06-22 17:39:00,4.7,2.04,51.045,55.0,31.0,313.0,50,1.95625,68.88888888888889,6112.58868,9703.0,0.629968945686901,4.5,0.02547166666666667,30.725197916666673,68.2782175925926
2023-06-22 17:40:00,4.705,1.79,49.17,55.0,28.0,311.0,50,1.94375,62.22222222222222,5363.496929999999,8708.0,0.6159275298576021,4.5,0.022350138888888888,26.95985503472222,59.910788966049374
2023-06-22 17:41:00,4.735,1.72,48.42,55.0,26.0,308.5,50,1.928125,57.77777777777778,5153.75124,8021.0,0.642532257823214,4.5,0.02147611111111111,25.905559027777777,57.56790895061728
2023-06-22 17:42:00,4.73,1.66,48.385,55.0,26.0,307.0,50,1.91875,57.77777777777778,4973.969219999999,7982.0,0.6231482360310698,4.5,0.02072694444444444,25.001876736111107,55.559726080246904
2023-06-22 17:43:00,2.35,0.0,0.0,55.0,0.0,13.0,50,0.08125,0.0,0.0,0.0,,2.0,0.0,0.0,0.0
2023-06-22 17:44:00,0.22,0.0,0.0,54.0,0.0,6.0,50,0.0375,0.0,0.0,0.0,,0.0,0.0,0.0,0.0
2023-06-22 17:45:00,0.02,0.0,0.0,54.0,0.0,4.0,50,0.025,0.0,0.0,0.0,,0.0,0.0,0.0,0.0
2023-06-22 17:46:00,0.02,0.0,0.0,54.0,0.0,4.0,50,0.025,0.0,0.0,0.0,,0.0,0.0,0.0,0.0
2023-06-22 17:47:00,0.02,0.0,0.0,54.0,0.0,4.0,50,0.025,0.0,0.0,0.0,,0.0,0.0,0.0,0.0
2023-06-22 17:48:00,0.02,0.0,0.0,54.0,0.0,4.0,50,0.025,0.0,0.0,0.0,,0.0,0.0,0.0,0.0
2023-06-22 17:49:00,0.02,0.0,0.0,54.0,0.0,2.0,50,0.0125,0.0,0.0,0.0,,0.0,0.0,0.0,0.0
2023-06-22 17:50:00,0.01,0.0,0.0,54.0,0.0,2.0,50,0.0125,0.0,0.0,0.0,,0.0,0.0,0.0,0.0
2023-06-22 17:51:00,0.01,0.0,0.0,54.0,0.0,2.0,50,0.0125,0.0,0.0,0.0,,0.0,0.0,0.0,0.0
2023-06-22 17:52:00,0.01,0.0,0.0,53.0,0.0,2.0,50,0.0125,0.0,0.0,0.0,,0.0,0.0,0.0,0.0
2023-06-22 17:53:00,0.01,0.0,0.0,53.0,0.0,2.0,50,0.0125,0.0,0.0,0.0,,0.0,0.0,0.0,0.0
2023-06-22 17:54:00,0.01,0.0,0.0,53.0,0.0,2.0,50,0.0125,0.0,0.0,0.0,,0.0,0.0,0.0,0.0
2023-06-22 17:55:00,0.15,1.08,43.06,53.0,16.0,296.0,50,1.85,35.55555555555556,3236.0763599999996,4736.0,0.6832931503378378,0.0,0.013485,16.26628125,36.14729166666666
2023-06-22 17:56:00,0.22,1.21,45.28,53.0,20.0,304.0,50,1.9,44.44444444444444,3625.6040699999994,6080.0,0.5963164588815788,0.0,0.015108194444444441,18.22425954861111,40.49835455246913
2023-06-22 17:57:00,0.87,1.28,45.28,53.0,20.0,302.0,50,1.8875,44.44444444444444,3835.3497599999996,6040.0,0.6349916821192052,0.5,0.01598222222222222,19.278555555555553,42.841234567901225
2023-06-22 17:58:00,1.35,1.85,51.1,53.0,28.0,316.0,50,1.975,62.22222222222222,5543.27895,8848.0,0.626500785488246,1.0,0.023099305555555557,27.863537326388887,61.91897183641975
2023-06-22 17:59:00,1.94,1.92,51.1,53.0,30.0,316.0,50,1.975,66.66666666666667,5753.024639999999,9480.0,0.6068591392405062,1.5,0.02397333333333333,28.917833333333327,64.26185185185184
2023-06-22 18:00:00,2.54,2.3,52.67,54.0,36.0,320.0,50,2.0,80.0,6891.644099999999,11520.0,0.5982329947916666,2.5,0.028718055555555552,34.641154513888885,76.98034336419752
2023-06-22 18:01:00,3.01,2.3,52.32,54.0,36.0,320.0,50,2.0,80.0,6891.644099999999,11520.0,0.5982329947916666,3.0,0.028718055555555552,34.641154513888885,76.98034336419752
2023-06-22 18:02:00,3.29,2.43,52.97,54.0,38.0,321.0,50,2.00625,84.44444444444444,7281.17181,12198.0,0.5969152164289228,3.0,0.030341250000000004,36.5991328125,81.33140625
2023-06-22 18:03:00,4.61,2.94,55.39,55.0,44.0,327.0,50,2.04375,97.77777777777777,8809.318979999998,14388.0,0.612268486238532,4.5,0.03670916666666667,44.28043229166667,98.40096064814816
2023-06-22 18:04:00,4.64,2.62,53.355,55.0,40.0,321.0,50,2.00625,88.88888888888889,7850.48154,12840.0,0.6114082196261682,4.5,0.03271361111111111,39.46079340277778,87.69065200617284
2023-06-22 18:05:00,4.7,2.24,51.99,55.0,35.0,318.0,50,1.9875,77.77777777777777,6711.86208,11130.0,0.6030424150943396,4.5,0.02796888888888889,33.73747222222222,74.97216049382718
2023-06-22 18:06:00,4.66,2.17,51.59,55.0,33.0,315.0,50,1.96875,73.33333333333333,6502.116389999999,10395.0,0.6255042222222221,4.5,0.027094861111111108,32.683176215277776,72.62928047839506
2023-06-22 18:07:00,4.8,1.98,50.32,55.0,30.0,312.5,50,1.953125,66.66666666666667,5932.806659999999,9375.0,0.6328327103999999,4.5,0.024722499999999998,29.821515624999996,66.27003472222222
2023-06-22 18:08:00,4.92,0.64,33.3,55.0,11.0,260.0,50,1.625,24.444444444444443,1917.6748799999998,2860.0,0.6705156923076923,4.5,0.00799111111111111,9.639277777777776,21.420617283950612
2023-06-22 18:09:00,4.92,0.57,30.27,55.0,9.0,242.0,50,1.5125,20.0,1707.9291899999996,2178.0,0.7841731818181816,4.5,0.007117083333333332,8.584981770833332,19.077737268518515
2023-06-22 18:10:00,4.815,1.08,40.915,54.0,17.0,288.0,50,1.8,37.77777777777778,3236.0763599999996,4896.0,0.6609633088235293,4.5,0.013485,16.26628125,36.14729166666666
2023-06-22 18:11:00,4.89,0.83,37.49,54.0,13.0,276.0,50,1.725,28.88888888888889,2486.9846099999995,3588.0,0.6931395234113711,4.5,0.01036347222222222,12.500938368055554,27.779863040123452
2023-06-22 18:12:00,4.89,0.7,36.18,54.0,11.0,271.0,50,1.69375,24.444444444444443,2097.4568999999997,2981.0,0.7036084870848708,4.5,0.008740277777777776,10.542960069444442,23.42880015432098
2023-06-22 18:13:00,4.805,1.02,40.25,54.0,15.0,284.0,50,1.775,33.333333333333336,3056.29434,4260.0,0.717439985915493,4.5,0.012735833333333335,15.362598958333336,34.1391087962963
2023-06-22 18:14:00,4.82,1.15,42.53,54.0,19.0,293.0,50,1.83125,42.22222222222222,3445.8220499999993,5567.0,0.618972884857194,4.5,0.014359027777777776,17.320577256944443,38.49017168209876
2023-06-22 18:15:00,1.625,0.0,0.0,54.0,0.0,10.0,50,0.0625,0.0,0.0,0.0,,1.5,0.0,0.0,0.0
2023-06-22 18:16:00,0.035,0.0,0.0,54.0,0.0,6.0,50,0.0375,0.0,0.0,0.0,,0.0,0.0,0.0,0.0
2023-06-22 18:17:00,0.02,0.0,0.0,54.0,0.0,5.0,50,0.03125,0.0,0.0,0.0,,0.0,0.0,0.0,0.0
2023-06-22 18:18:00,0.02,0.0,0.0,54.0,0.0,5.0,50,0.03125,0.0,0.0,0.0,,0.0,0.0,0.0,0.0
2023-06-22 18:19:00,0.01,0.0,0.0,54.0,0.0,3.0,50,0.01875,0.0,0.0,0.0,,0.0,0.0,0.0,0.0
2023-06-22 18:20:00,0.01,0.0,0.0,53.0,0.0,3.0,50,0.01875,0.0,0.0,0.0,,0.0,0.0,0.0,0.0
2023-06-22 18:21:00,0.01,0.0,0.0,53.0,0.0,3.0,50,0.01875,0.0,0.0,0.0,,0.0,0.0,0.0,0.0
2023-06-22 18:22:00,0.15,1.15,43.94,53.0,18.0,299.0,50,1.86875,40.0,3445.8220499999993,5382.0,0.6402493589743589,0.0,0.014359027777777776,17.320577256944443,38.49017168209876
2023-06-22 18:23:00,0.21,1.28,45.05,53.0,20.0,304.0,50,1.9,44.44444444444444,3835.3497599999996,6080.0,0.6308141052631578,0.0,0.01598222222222222,19.278555555555553,42.841234567901225
2023-06-22 18:24:00,1.365,1.85,50.61,53.0,28.0,316.0,50,1.975,62.22222222222222,5543.27895,8848.0,0.626500785488246,1.0,0.023099305555555557,27.863537326388887,61.91897183641975
2023-06-22 18:25:00,2.77,2.24,52.2,53.0,34.0,320.0,50,2.0,75.55555555555556,6711.86208,10880.0,0.6168990882352942,2.5,0.02796888888888889,33.73747222222222,74.97216049382718
2023-06-22 18:26:00,4.265,2.88,55.33,54.0,45.0,328.0,50,2.05,100.0,8629.53696,14760.0,0.584656975609756,4.0,0.03596,43.37675,96.39277777777778
2023-06-22 18:27:00,4.67,2.24,51.59,54.0,35.0,318.0,50,1.9875,77.77777777777777,6711.86208,11130.0,0.6030424150943396,4.5,0.02796888888888889,33.73747222222222,74.97216049382718
2023-06-22 18:28:00,4.73,1.72,48.425,54.0,26.0,310.0,50,1.9375,57.77777777777778,5153.75124,8060.0,0.6394232307692307,4.5,0.02147611111111111,25.905559027777777,57.56790895061728
2023-06-22 18:29:00,4.445,3.39,57.36,54.0,52.0,331.0,50,2.06875,115.55555555555556,10157.684129999998,17212.0,0.5901512973506854,4.0,0.04232791666666667,51.05804947916668,113.46233217592595
2023-06-22 18:30:00,4.68,2.62,53.395,54.0,40.0,323.0,50,2.01875,88.88888888888889,7850.48154,12920.0,0.6076224102167183,4.5,0.03271361111111111,39.46079340277778,87.69065200617284
2023-06-22 18:31:00,4.655,2.56,53.57,54.0,40.0,322.0,50,2.0125,88.88888888888889,7670.699519999999,12880.0,0.5955512049689441,4.5,0.03196444444444444,38.557111111111105,85.68246913580245
2023-06-22 18:32:00,4.78,1.85,49.425,55.0,29.0,311.0,50,1.94375,64.44444444444444,5543.27895,9019.0,0.614622347266881,4.5,0.023099305555555557,27.863537326388887,61.91897183641975
2023-06-22 18:33:00,4.87,0.83,37.11,55.0,12.0,275.0,50,1.71875,26.666666666666668,2486.9846099999995,3300.0,0.7536316999999999,4.5,0.01036347222222222,12.500938368055554,27.779863040123452
2023-06-22 18:34:00,1.5,0.0,0.0,55.0,0.0,9.0,50,0.05625,0.0,0.0,0.0,,1.0,0.0,0.0,0.0
2023-06-22 18:35:00,0.025,0.0,0.0,54.0,0.0,5.0,50,0.03125,0.0,0.0,0.0,,0.0,0.0,0.0,0.0
2023-06-22 18:36:00,0.02,0.0,0.0,54.0,0.0,5.0,50,0.03125,0.0,0.0,0.0,,0.0,0.0,0.0,0.0
2023-06-22 18:37:00,0.02,0.0,0.0,54.0,0.0,5.0,50,0.03125,0.0,0.0,0.0,,0.0,0.0,0.0,0.0
2023-06-22 18:38:00,0.02,0.0,0.0,54.0,0.0,3.0,50,0.01875,0.0,0.0,0.0,,0.0,0.0,0.0,0.0
2023-06-22 18:39:00,0.01,0.0,0.0,54.0,0.0,3.0,50,0.01875,0.0,0.0,0.0,,0.0,0.0,0.0,0.0
2023-06-22 18:40:00,0.01,0.0,0.0,53.0,0.0,3.0,50,0.01875,0.0,0.0,0.0,,0.0,0.0,0.0,0.0
2023-06-22 18:41:00,0.01,0.0,0.0,53.0,0.0,3.0,50,0.01875,0.0,0.0,0.0,,0.0,0.0,0.0,0.0
2023-06-22 18:42:00,0.01,0.0,0.0,53.0,0.0,3.0,50,0.01875,0.0,0.0,0.0,,0.0,0.0,0.0,0.0
2023-06-22 18:43:00,0.01,0.51,26.5,53.0,8.0,214.0,50,1.3375,17.77777777777778,1528.14717,1712.0,0.892609328271028,0.0,0.0063679166666666676,7.681299479166668,17.06955439814815
2023-06-22 18:44:00,0.16,1.21,44.85,53.0,18.0,301.0,50,1.88125,40.0,3625.6040699999994,5418.0,0.669177569213732,0.0,0.015108194444444441,18.22425954861111,40.49835455246913
2023-06-22 18:45:00,0.285,1.34,46.59,53.0,20.0,305.0,50,1.90625,44.44444444444444,4015.1317799999997,6100.0,0.6582183245901639,0.0,0.01673138888888889,20.182237847222222,44.84941743827161
2023-06-22 18:46:00,1.65,1.92,50.93,53.0,30.0,315.0,50,1.96875,66.66666666666667,5753.024639999999,9450.0,0.6087856761904761,1.5,0.02397333333333333,28.917833333333327,64.26185185185184
2023-06-22 18:47:00,3.09,2.36,52.98,53.0,36.0,322.0,50,2.0125,80.0,7071.426119999998,11592.0,0.6100264078674946,3.0,0.029467222222222218,35.54483680555555,78.98852623456789
2023-06-22 18:48:00,4.49,2.94,55.82,54.0,46.0,328.0,50,2.05,102.22222222222223,8809.318979999998,15088.0,0.5838626047189819,4.0,0.03670916666666667,44.28043229166667,98.40096064814816
2023-06-22 18:49:00,4.325,2.75,55.57,54.0,46.0,325.0,50,2.03125,102.22222222222223,8240.00925,14950.0,0.5511711872909698,4.0,0.03433680555555555,41.418771701388884,92.04171489197529
2023-06-22 18:50:00,4.67,2.81,54.55,54.0,45.0,326.0,50,2.0375,100.0,8419.79127,14670.0,0.5739462351738241,4.5,0.03508597222222222,42.322453993055554,94.04989776234568
2023-06-22 18:51:00,4.67,2.56,53.32,55.0,39.0,321.0,50,2.00625,86.66666666666667,7670.699519999999,12519.0,0.6127246201773304,4.5,0.03196444444444444,38.557111111111105,85.68246913580245
2023-06-22 18:52:00,4.81,1.66,47.095,54.0,26.0,306.0,50,1.9125,57.77777777777778,4973.969219999999,7956.0,0.6251846681749622,4.5,0.02072694444444444,25.001876736111107,55.559726080246904
2023-06-22 18:53:00,4.81,1.15,42.2,55.0,17.0,293.0,50,1.83125,37.77777777777778,3445.8220499999993,4981.0,0.6917932242521581,4.5,0.014359027777777776,17.320577256944443,38.49017168209876
2023-06-22 18:54:00,1.535,0.0,0.0,54.0,0.0,10.0,50,0.0625,0.0,0.0,0.0,,1.5,0.0,0.0,0.0
2023-06-22 18:55:00,0.025,0.0,0.0,54.0,0.0,6.0,50,0.0375,0.0,0.0,0.0,,0.0,0.0,0.0,0.0
2023-06-22 18:56:00,0.02,0.0,0.0,54.0,0.0,11.0,50,0.06875,0.0,0.0,0.0,,0.0,0.0,0.0,0.0
2023-06-22 18:57:00,0.01,0.0,0.0,54.0,0.0,5.0,50,0.03125,0.0,0.0,0.0,,0.0,0.0,0.0,0.0
2023-06-22 18:58:00,0.01,0.0,0.0,54.0,0.0,5.0,50,0.03125,0.0,0.0,0.0,,0.0,0.0,0.0,0.0
2023-06-22 18:59:00,0.01,0.0,0.0,54.0,0.0,3.0,50,0.01875,0.0,0.0,0.0,,0.0,0.0,0.0,0.0
